id,name,final_date,department,job
2,Ty Hofer,2021-05-30,Support,null
3,Lyman Hadye,2021-09-01,Engineering,Structural Analysis Engineer
4,Lotti Crowthe,2021-10-01,Accounting,Statistician II
5,Gretna Lording,2021-10-10,Human Resources,Quality Engineer
6,Marlow Antecki,2021-04-23,Human Resources,Web Designer II
7,Joan Rillett,2021-10-10,Marketing,Recruiting Manager
8,Ulrick Nucciotti,2021-07-24,Support,Accounting Assistant III
9,Lucretia Northcote,2021-04-01,Marketing,Office Assistant III
10,Arty Giacobo,2022-02-08,Human Resources,Associate Professor
11,Libbi Dowtry,2021-07-05,Human Resources,Director of Sales
12,Jacky Oldred,2021-06-20,Services,GIS Technical Architect
13,Raine Mowett,2021-12-23,Support,Cost Accountant
14,Melonie Slocomb,2021-12-30,Accounting,Web Developer III
15,Robers Swinden,2021-02-16,Engineering,Graphic Designer
16,Bone Serridge,2021-06-21,Support,Web Developer III
17,Andee Tillot,2021-04-01,Support,Civil Engineer
18,Gay Philbin,2021-12-24,Human Resources,Analog Circuit Design manager
19,Loralie Dundin,2021-10-19,Support,Programmer IV
20,Tobi Lawton,2022-02-20,Human Resources,Research Assistant II
21,Mandel Nayer,2021-12-18,Sales,Web Developer III
22,Toddy Gare,2021-12-05,Engineering,Actuary
23,Jeremias Goudy,2021-10-01,Services,Pharmacist
24,Lemar Aronsohn,2021-07-13,Support,Engineer IV
25,Tanner Jopling,2021-10-16,Training,Food Chemist
26,Bartolomeo Fetherstone,2021-02-07,Engineering,Civil Engineer
27,Elvina Bycraft,2021-09-29,Services,Engineer III
28,Letitia Bastin,2021-11-20,Human Resources,Developer III
29,Warner Astbury,2021-08-30,Human Resources,Senior Financial Analyst
30,Geri Pennings,2022-02-16,Business Development,General Manager
31,Jerald Gilder,2022-01-15,Business Development,Engineer III
32,Wilt Di Francesco,2021-09-26,Marketing,Assistant Professor
33,Aldwin Hellmore,2021-09-27,Training,Staff Scientist
34,Corena Heritege,2021-05-08,Business Development,Marketing Manager
35,Malchy Pontain,2022-02-20,Legal,Staff Accountant I
36,Gasparo Ofen,2021-11-07,Business Development,Clinical Specialist
37,Nikkie Whinray,2021-12-30,Services,Professor
38,Louisa Binion,2021-02-11,Support,Systems Administrator IV
39,Brook Tant,2021-09-27,Training,Internal Auditor
40,Cly Butt,2022-01-01,Support,Community Outreach Specialist
41,Jena Iacomi,2021-05-04,Marketing,Accounting Assistant IV
42,Pail Syne,2021-09-14,Services,Database Administrator I
43,Agneta Rae,2021-09-29,Research and Development,Quality Control Specialist
44,Lanae Pedrozzi,2021-05-14,Engineering,Web Developer II
45,Gipsy Cabrera,2021-12-17,Accounting,Web Designer III
46,Philly Beecraft,2021-03-03,Support,Budget/Accounting Analyst IV
47,Jimmie Jack,2021-02-04,Business Development,Senior Editor
48,Lonee Hegden,2021-06-07,Training,Teacher
49,Annecorinne Verny,2021-05-08,Marketing,Safety Technician I
50,Marybelle Henrichsen,2021-06-17,Training,Food Chemist
51,Moe Kender,2022-02-03,Services,Senior Quality Engineer
52,Trudie Arboin,2021-10-12,Human Resources,Budget/Accounting Analyst III
53,Rebbecca Bazely,2021-11-14,Marketing,Tax Accountant
54,Bevin Battlestone,2021-11-13,Services,Food Chemist
55,Marielle Nasi,2022-02-02,Training,Chief Design Engineer
56,Orelie Gauvin,2022-01-29,Research and Development,Assistant Manager
57,Meggie Dulwitch,2022-01-25,Business Development,Civil Engineer
58,Elia D'Enrico,2021-08-29,Legal,Web Developer I
59,Sharron Stammirs,2022-02-01,Sales,Web Developer I
60,Washington Schleswig-Holstein,2022-01-30,Engineering,Product Engineer
61,Artemus Featherby,2021-02-26,Business Development,Budget/Accounting Analyst I
62,Lou Hurd,2021-10-14,Engineering,Health Coach III
63,Tanhya Ort,2021-06-15,Services,Occupational Therapist
64,Florella Haquin,2022-02-11,Services,Geologist II
65,Saundra Franzini,2021-12-29,Engineering,Quality Control Specialist
66,Redford Rilton,2021-04-13,Training,Community Outreach Specialist
67,Thia Morican,2021-03-10,null,Occupational Therapist
68,Perceval MacLice,2021-03-16,Engineering,Office Assistant II
69,Sidoney Ciobutaru,2021-03-08,Services,Statistician I
70,Ted Dungay,2021-08-09,Business Development,Web Designer II
71,Brandea Sinott,2021-12-11,Accounting,Web Designer I
72,Judy Chifney,2021-10-22,Training,Geologist II
73,Matthus Szymanzyk,2021-04-26,Services,Biostatistician IV
74,Wilma Duplain,2021-02-21,Engineering,Accountant I
75,Xylia Furlow,2021-10-12,Support,Recruiter
76,Carver Kirman,2022-01-28,Business Development,Web Developer III
77,Fayette Prati,2021-07-29,Services,Recruiting Manager
78,Christalle Constantine,2021-10-04,Services,Software Test Engineer III
79,Ashley Dickey,2021-10-24,Training,Senior Financial Analyst
80,Angelika Stock,2022-02-12,Human Resources,Research Nurse
81,Caril Bewsey,2022-01-22,null,Sales Representative
82,Lief Bridgeman,2021-05-25,Accounting,Actuary
83,Barth Bere,2021-09-22,Marketing,Computer Systems Analyst IV
84,Ludvig Norwood,2021-02-26,Research and Development,null
85,Dev Ingleson,2021-07-01,Services,Computer Systems Analyst IV
86,Vinnie Andri,2021-10-31,Business Development,Quality Control Specialist
87,Cirstoforo Martinetto,2021-10-15,null,Software Engineer I
88,Rosabelle Sterzaker,2021-03-12,Engineering,Physical Therapy Assistant
89,Rodrique Fearnehough,2021-12-01,Business Development,Clinical Specialist
90,Germana Bote,2021-05-30,Business Development,Account Executive
91,Rolf Tythacott,2021-04-16,Engineering,Budget/Accounting Analyst III
92,Floria Peniello,2021-12-24,Business Development,Health Coach IV
93,Belinda Savaage,2021-06-04,Business Development,Account Executive
94,Zachariah Comberbach,2021-10-01,Engineering,Sales Associate
95,Lowell Woollin,2021-05-17,Support,Web Designer II
96,Creight Rutter,2021-06-29,Services,Budget/Accounting Analyst III
97,Beltran Natte,2021-11-01,null,Senior Financial Analyst
98,Colman Casale,2021-10-12,Training,Senior Editor
99,Marlo Tott,2021-05-18,Support,GIS Technical Architect
100,Karita Kettlestringes,2021-06-19,Services,Environmental Tech
101,Jenn Fumagallo,2021-09-19,Services,Quality Engineer
102,Ogden Ough,2021-03-29,Services,Web Designer III
103,Cathy Blundin,2021-07-29,Services,Junior Executive
104,Wenda Kaes,2021-11-21,Business Development,Programmer IV
105,Jewelle Mathis,2021-08-13,Accounting,Junior Executive
106,Jasper Matterdace,2021-07-13,Support,Programmer IV
107,Welby Crocumbe,2021-09-04,Business Development,Legal Assistant
108,Marlie Gannicott,2021-08-15,Human Resources,Paralegal
109,Bethanne Hurlin,2021-03-16,Human Resources,Recruiting Manager
110,Renee Bridie,2021-08-31,Business Development,Office Assistant IV
111,Zsazsa Pash,2021-08-01,Engineering,Database Administrator I
112,Brett Griffey,2021-06-11,Engineering,Project Manager
113,Carlee Joyce,2021-10-02,Business Development,Structural Analysis Engineer
114,Grady Conman,2021-04-27,Research and Development,Executive Secretary
115,Wilbert Cluer,2021-03-31,Human Resources,Automation Specialist I
116,Ardys Pirozzi,2021-11-07,Research and Development,Automation Specialist I
117,Putnem Lippiello,2021-04-23,Support,Web Designer I
118,Blondell Pybus,2021-04-30,Legal,Web Developer I
119,Lucky Hadkins,2021-11-24,Services,Statistician II
120,Brietta Gillmore,2021-05-24,Sales,Director of Sales
121,Cristy Sockell,2021-07-30,Support,Account Executive
122,Gnni Gudgin,2021-10-09,Services,Food Chemist
123,Alisha Headings,2022-01-30,Marketing,Account Representative IV
124,Merrill Symons,2022-01-30,Business Development,Sales Representative
125,Gerri Baton,2021-02-05,Support,Systems Administrator IV
126,Olly Tully,2021-09-01,Services,Associate Professor
127,Corinne Woofinden,2021-12-31,Accounting,Statistician I
128,Reuven Chatto,2022-02-09,Legal,Analyst Programmer
129,Stephana Gawthrop,2021-02-15,Support,Programmer III
130,Ferris Hammerberger,2021-10-19,Marketing,Budget/Accounting Analyst II
131,Angie McMurray,2021-10-23,Services,Safety Technician IV
132,Gypsy Baselio,2021-06-13,Business Development,Staff Accountant III
133,Jennine Wapol,2022-01-24,null,Staff Scientist
134,Lacee O'Hingerty,2021-05-17,Training,Design Engineer
135,Foster Hobbing,2022-01-31,Marketing,Senior Editor
136,Meryl Kew,2021-04-20,Human Resources,Software Engineer I
137,Ichabod Maloney,2021-09-07,Human Resources,Programmer IV
138,Conrad Stoad,2022-01-23,Engineering,Internal Auditor
139,Celina Caris,2021-03-23,Research and Development,Biostatistician II
140,Putnam Dodd,2021-02-01,Marketing,Mechanical Systems Engineer
141,Marylin Brommage,2021-04-24,Human Resources,Staff Accountant IV
142,Reginald Folca,2021-03-19,Support,Quality Engineer
143,Elston Millam,2021-04-28,Engineering,Geological Engineer
144,Angel Andrzejczak,2022-01-29,Marketing,Biostatistician III
145,Gretel Chittenden,2021-11-22,Engineering,Budget/Accounting Analyst I
146,Deirdre Hiley,2021-08-25,Services,Programmer I
147,Gaston Rayne,2021-09-29,Human Resources,VP Accounting
148,Rourke Inchbald,2021-12-25,Support,Senior Editor
149,Katlin Haxby,2021-10-28,Human Resources,Social Worker
150,Valentia Kellegher,2021-11-13,Business Development,Quality Control Specialist
151,Jarrett Oluwatoyin,2021-02-11,Support,Chief Design Engineer
152,Kori Foxton,2021-04-10,Engineering,Web Designer II
153,Truman Garriock,2021-09-08,Legal,Accountant IV
154,Lurette Erwin,2021-09-16,Engineering,Accounting Assistant IV
155,Jewel Valeri,2021-09-18,Legal,Recruiter
156,Mikel Searby,2021-05-08,Support,Systems Administrator IV
157,Kellia Barribal,null,Business Development,Geologist II
158,Rube Dockerty,2021-07-25,Business Development,Associate Professor
159,Gayleen Beslier,2021-11-18,Services,Geologist IV
160,Sher Nolleau,2022-01-02,Research and Development,Quality Control Specialist
161,Nobe Mackrell,2021-09-16,Support,Programmer Analyst II
162,null,2021-04-22,Business Development,Product Engineer
163,Nerta Cutteridge,2021-06-23,Services,Programmer IV
164,Geraldine Playden,2022-02-14,Services,Graphic Designer
165,Charleen Billin,2021-11-10,Support,Biostatistician III
166,Hollis Goves,2021-08-17,Marketing,Biostatistician III
167,Alexis Jamson,2021-03-18,Business Development,Analog Circuit Design manager
168,Toinette Sammut,2021-04-17,Services,Engineer IV
169,Dannye Juszczak,2021-06-23,Services,Research Assistant IV
170,Kimberlyn Coule,2021-03-15,Human Resources,Associate Professor
171,Charis Muzzini,2021-06-23,Marketing,Media Manager IV
172,Roselle Leate,2021-03-19,Marketing,Cost Accountant
173,Myra Corington,2021-02-16,Human Resources,Automation Specialist IV
174,Anetta Freeborn,2021-10-23,Sales,Staff Scientist
175,Billy Odams,2021-02-13,null,Budget/Accounting Analyst IV
176,Barbie Alabaster,2021-12-26,Services,Recruiter
177,Ardella Schwartz,2021-08-25,Research and Development,Media Manager III
178,Petronilla Ashpital,2021-07-17,Business Development,Director of Sales
179,Wolfy Leicester,2021-02-11,null,Account Representative III
180,Siobhan Backen,2021-03-26,Services,Cost Accountant
181,Joeann Chowne,2022-02-16,Training,Systems Administrator II
182,Renell Iacovelli,2021-11-21,Research and Development,Data Coordiator
183,Peyton Yaus,2021-05-16,Marketing,Statistician II
184,Alanson Dunne,2021-12-11,Training,Engineer III
185,Ryley Ruit,2022-02-04,Support,Budget/Accounting Analyst I
186,Claudelle Peele,2021-03-10,Services,Systems Administrator IV
187,Janna Forsey,2021-05-09,Engineering,Clinical Specialist
188,Regen Presswell,2021-05-03,Training,Accountant IV
189,Donny Ortiga,2021-07-28,Human Resources,Database Administrator III
190,Amalia Vinall,2021-03-05,Human Resources,Payment Adjustment Coordinator
191,Caldwell Dunniom,2021-08-16,Support,Account Executive
192,Olia Kleinhaus,2021-07-14,Legal,Accountant I
193,Sarita Lemmertz,2021-07-31,Marketing,Pharmacist
194,Lonny Duggan,2021-04-19,Training,Health Coach IV
195,Jordain Reardon,2021-08-13,Support,Assistant Manager
196,Harriot Kenaway,2021-03-28,Human Resources,Community Outreach Specialist
197,Mellie Dilrew,2021-11-04,Support,VP Quality Control
198,Carline Fryman,2021-05-29,Engineering,null
199,Fields Huby,2021-04-16,Engineering,Web Designer I
200,Erick Grundey,2021-06-21,Sales,Account Executive
201,Brien Richardin,2022-01-08,Engineering,Account Coordinator
202,Irving Saenz,2021-09-14,Support,Social Worker
203,Kienan Kinghorne,2021-10-23,Services,Civil Engineer
204,Dana Elby,2021-06-05,Services,Developer II
205,Phillis Burgot,2022-01-09,Business Development,Database Administrator III
206,Osbourne Bernadot,2021-10-28,Engineering,Analyst Programmer
207,Ahmad Fader,2021-05-03,null,Junior Executive
208,Rasia Dimitriev,2022-01-13,Research and Development,Accountant IV
209,Tova Ostridge,2021-08-18,Research and Development,Director of Sales
210,Babita Grigorkin,2021-04-23,Marketing,Computer Systems Analyst IV
211,Berny Daber,2021-08-14,Research and Development,Nuclear Power Engineer
212,Alan Barhims,2021-03-22,Sales,Health Coach I
213,Brody Bothen,2021-09-21,Engineering,Account Coordinator
214,Hermann Brisson,2021-06-06,Training,Human Resources Assistant II
215,Ewart Temblett,2021-07-06,Training,Office Assistant II
216,Theobald Tzarkov,2022-01-26,null,Accountant I
217,Marleen Huc,2021-07-17,Marketing,Web Developer I
218,Stephie McCudden,2021-11-12,Support,Editor
219,Malorie Broggini,2021-09-05,Engineering,Software Engineer I
220,Aile Greatham,2021-09-26,Marketing,Nurse Practicioner
221,Valentia McFee,2021-11-04,Business Development,Budget/Accounting Analyst IV
222,Blakelee Jell,2021-05-21,Engineering,Tax Accountant
223,Malvina Camelli,2021-03-03,null,Cost Accountant
224,Hirsch Jeffrey,2021-02-13,Research and Development,Cost Accountant
225,Barnabas Cockell,2021-05-28,Business Development,General Manager
226,Hedy De Gregoli,2021-07-19,Business Development,Mechanical Systems Engineer
227,Jeramey Pyson,2021-04-03,null,Geological Engineer
228,Jobi Muncie,2021-04-07,Services,Internal Auditor
229,Luke Nickols,2021-09-07,Training,Geologist II
230,Arley Stroton,2022-02-10,Sales,Media Manager III
231,Daisie Branchet,2021-10-24,Human Resources,Social Worker
232,Zach Gallelli,2021-07-26,Research and Development,Legal Assistant
233,Tony Hayball,2021-02-15,Human Resources,Technical Writer
234,Allys Lindenstrauss,2021-03-18,Marketing,Budget/Accounting Analyst II
235,Renae Scragg,2021-02-13,Training,Structural Analysis Engineer
236,Bald Ordemann,2021-08-04,Sales,Teacher
237,Lynda Lehmann,2021-10-19,Business Development,Junior Executive
238,Odilia Bettles,2022-01-28,Human Resources,Software Test Engineer IV
239,Lucretia Ungaretti,2021-02-06,Services,Human Resources Assistant IV
240,Shandy Blindermann,2021-08-03,Training,Pharmacist
241,Benedetto Ropking,2021-09-30,Marketing,Electrical Engineer
242,Francesca Jeffree,2021-03-17,Training,Mechanical Systems Engineer
243,Juliet MacGebenay,2021-05-19,Marketing,Data Coordiator
244,Elspeth Smalls,2021-11-19,Engineering,Clinical Specialist
245,Lemuel Thrush,2022-01-07,Legal,Geologist IV
246,Neddy O'Garmen,2021-06-29,null,Research Assistant II
247,Lyle Gages,2021-09-25,Engineering,Mechanical Systems Engineer
248,Hanni Ruit,2021-04-08,Services,General Manager
249,Katherina Bundock,2021-11-13,Engineering,Senior Cost Accountant
250,Ruben Pevreal,2021-05-07,Services,Developer I
251,Livia Casper,2021-09-30,Support,Geological Engineer
252,Merrily Lorey,2021-08-30,Support,Programmer IV
253,Ignacio Warlowe,2021-12-23,Research and Development,Account Executive
254,Auberta Ingrem,2021-11-10,Human Resources,Software Test Engineer IV
255,Doro Diem,2021-04-20,Marketing,Sales Representative
256,Jobyna Halburton,2021-06-17,Marketing,Dental Hygienist
257,Bernie Sushams,2021-06-26,Training,Web Developer III
258,Christabella Chanders,2021-12-27,Marketing,Biostatistician II
259,Lamont Tothe,2021-07-20,Human Resources,Health Coach IV
260,Gweneth Allcock,2022-01-27,Engineering,Accountant I
261,Barny Arghent,2021-07-22,Business Development,Geologist II
262,Anthe Cowderay,2022-01-03,Research and Development,Nurse Practicioner
263,Eldredge Behnecken,2021-06-25,null,Software Test Engineer I
264,Gui Coogan,2021-06-06,Support,Human Resources Assistant IV
265,Verile Halliburton,2021-10-11,Sales,Programmer IV
266,Michale Goodwins,2021-12-12,Training,Software Engineer I
267,Curran Ettels,2021-02-23,Training,Quality Engineer
268,Arin Ribeiro,2021-11-03,Marketing,Chemical Engineer
269,Garvey Yandell,2021-09-27,Sales,Assistant Professor
270,Shellie Hastilow,2021-12-01,Human Resources,Geologist II
271,Jasmin Greeve,2021-11-16,Accounting,Senior Cost Accountant
272,Ashly Janczak,2021-09-09,Research and Development,Associate Professor
273,Lorry Cluely,2021-02-05,Marketing,Administrative Assistant I
274,Lenee Barzen,2021-08-13,Business Development,Dental Hygienist
275,Trevor De Lascy,2021-07-12,Services,Budget/Accounting Analyst II
276,Amandi Forst,2022-02-09,Services,Research Assistant II
277,Abagael Tomasek,2021-08-17,Business Development,Accounting Assistant I
278,Ddene Bernardin,2021-08-16,Human Resources,Research Associate
279,Phaidra Killingworth,2021-10-25,Human Resources,Senior Cost Accountant
280,Zoe Coulston,2022-01-21,Human Resources,Web Developer I
281,Ellerey Smithin,2021-05-27,Sales,Geologist II
282,Maudie Sommerlin,2021-04-09,Services,Sales Representative
283,Betti Meran,2021-09-28,Engineering,Accountant I
284,Sile Alexsandrev,2021-10-25,null,Junior Executive
285,Ardeen Tures,2021-05-13,Human Resources,Programmer III
286,Frances Flemmich,2022-01-31,Training,Developer III
287,Dniren Raison,2022-01-22,Business Development,Recruiter
288,Katerine Bazeley,2022-02-09,Marketing,Quality Engineer
289,Hetti Narraway,2021-06-20,Research and Development,Paralegal
290,Cassandre Froude,2021-10-15,Engineering,General Manager
291,Chuck Frankiss,2021-06-07,Human Resources,Programmer III
292,Brice Johansson,2021-04-08,Training,Editor
293,Arvie Angeau,2021-06-08,Support,Senior Financial Analyst
294,Claretta Sloegrave,2021-11-01,Sales,Geologist IV
295,Marylou Burrell,2021-11-21,Services,Software Engineer I
296,Alfred Saintpierre,2021-05-11,Business Development,Automation Specialist IV
297,Jarvis Pennings,2021-10-03,Engineering,Health Coach IV
298,Chrysler Frudd,2021-11-02,Engineering,Junior Executive
299,Jerrilee Bineham,2022-01-06,Support,Research Assistant II
300,Saidee Bassett,2021-05-25,Research and Development,Sales Representative
301,Anders Ralston,2021-10-20,Engineering,General Manager
302,Arlene Ferroli,2021-10-15,Training,Financial Analyst
303,Hillary Dudenie,2021-09-18,Human Resources,Technical Writer
304,Tildie Julien,2021-09-29,Engineering,Associate Professor
305,Waneta Dyhouse,2021-10-17,Engineering,Physical Therapy Assistant
306,Norby Folkerts,2021-04-11,Research and Development,Senior Developer
307,Danell Poynser,2021-02-10,Research and Development,Pharmacist
308,Rodrigo Thornbarrow,2021-06-09,Services,Senior Cost Accountant
309,Aleen Veasey,2021-03-18,Support,Analog Circuit Design manager
310,Revkah Willans,2022-01-14,Human Resources,Accounting Assistant I
311,Ursulina Curner,2021-12-10,Engineering,Internal Auditor
312,Valma Kruger,2021-03-13,Engineering,Staff Accountant IV
313,Roberta Kensitt,2021-12-17,Research and Development,Statistician II
314,Luciano Friman,2021-08-17,Legal,Associate Professor
315,Beverie Verralls,2022-02-12,Research and Development,Web Designer I
316,Tades Pezey,2021-11-27,Business Development,Food Chemist
317,Cammy Liffey,2021-03-03,Business Development,Health Coach IV
318,Mimi Seymour,2021-03-12,Training,Software Test Engineer IV
319,Wilt Jagoe,2021-03-02,Engineering,Assistant Manager
320,Artemas Balmer,2021-08-29,Business Development,Web Designer IV
321,Darleen Cranna,2021-03-10,Services,Programmer IV
322,Johnath Fake,2021-03-26,Human Resources,Director of Sales
323,Erv Hubane,2021-05-03,null,Help Desk Technician
324,Janna Malitrott,2021-08-18,Human Resources,Quality Control Specialist
325,Abe Bennedick,2021-03-16,Engineering,Actuary
326,Carlota McCrae,2021-06-25,Human Resources,Assistant Manager
327,Kevina Collip,2022-01-26,Human Resources,Web Designer I
328,Grace McAless,2021-05-02,Sales,Recruiter
329,Gale Cholwell,2021-09-21,Engineering,Quality Engineer
330,Timotheus Jouannisson,2022-02-16,Human Resources,Research Assistant IV
331,Darleen Ulyatt,2021-03-01,Marketing,Technical Writer
332,Nancey Ford,2021-11-24,Support,Web Designer IV
333,Margot Francillo,2022-02-07,Marketing,Senior Developer
334,Tina Sarver,2021-09-03,Legal,Systems Administrator II
335,Arline Athow,2021-08-18,Services,Account Executive
336,Morissa Habberjam,2021-04-14,Human Resources,Account Coordinator
337,Rosemarie Sofe,2021-11-07,null,Physical Therapy Assistant
338,Ravid Pigney,2021-10-18,Support,Programmer IV
339,Penelopa Bransby,2021-10-25,Training,Budget/Accounting Analyst III
340,null,2022-01-13,Business Development,Senior Cost Accountant
341,Bordy Greenman,2021-05-27,Human Resources,Geologist II
342,Nathanil Conry,2022-02-11,Engineering,Statistician II
343,Celestina Eate,2022-01-28,Support,GIS Technical Architect
344,Christen Gilbane,2021-10-11,Marketing,Registered Nurse
345,Corenda Dubbin,2021-03-06,null,Payment Adjustment Coordinator
346,Iris Cariss,2021-06-19,Services,Community Outreach Specialist
347,Sumner Gladdis,2022-01-22,Services,Database Administrator III
348,Benny Bachelor,2021-04-05,Human Resources,Graphic Designer
349,Winona Dudhill,2021-04-28,Support,Web Designer II
350,null,2021-07-13,Training,Research Assistant IV
351,Weston Rouchy,2021-10-29,null,Database Administrator I
352,Eunice Sherbrooke,2022-01-14,Marketing,Operator
353,Raul Farbrace,2021-10-05,Support,Clinical Specialist
354,Cobby Solomon,2021-10-03,Engineering,Database Administrator II
355,Carina Libreros,2021-08-02,Engineering,VP Product Management
356,Johnnie Middle,2021-07-06,Research and Development,Staff Accountant IV
357,Jocelyne Elphinstone,2021-10-14,Engineering,Software Test Engineer I
358,Kaycee Hounsom,2021-05-20,Support,Accounting Assistant IV
359,Justine Yurkevich,2021-04-01,Support,Human Resources Assistant III
360,Killy Dracey,2021-04-26,Human Resources,Marketing Manager
361,Ike Forgie,2021-06-08,Human Resources,VP Quality Control
362,Melodee Suckling,2021-09-28,Engineering,Civil Engineer
363,Cassi Woodard,2021-10-28,Human Resources,Social Worker
364,Ora Giovanizio,2021-07-07,Research and Development,Teacher
365,Fredelia Fendt,2021-10-22,Services,Librarian
366,Renee Stoddard,2021-12-30,Business Development,Web Designer I
367,Ellary Benasik,2021-09-04,Engineering,Geologist I
368,Rustie O'Leahy,2021-08-03,Research and Development,Recruiter
369,Jennifer Walkey,2021-09-08,Training,Programmer IV
370,Luciana Lindenberg,2022-01-17,Research and Development,Senior Quality Engineer
371,King Benjamin,2022-01-20,Marketing,Internal Auditor
372,Gabriele Carcas,2022-01-02,Human Resources,VP Accounting
373,Leisha Uccelli,2021-10-15,Human Resources,Professor
374,Far Janicek,2021-08-28,Marketing,Analyst Programmer
375,Tracey Cleve,2021-07-23,Human Resources,Web Developer II
376,Gwenore Hallowes,2021-05-05,Business Development,Administrative Officer
377,Guendolen Castro,2021-05-11,Support,Administrative Assistant III
378,Toni Hadleigh,2021-04-29,Support,Chief Design Engineer
379,Ruth Reilly,2021-11-16,Human Resources,Budget/Accounting Analyst I
380,Grantley Burnyate,2021-11-12,Engineering,Sales Representative
381,Stormi Leber,2021-03-30,Marketing,Data Coordiator
382,Bowie Ramsden,2021-10-09,Engineering,Budget/Accounting Analyst IV
383,Emmott Blaber,2021-03-05,Support,Senior Financial Analyst
384,Milicent Kerner,2021-12-05,Legal,Web Developer III
385,Francine Youings,2021-02-13,Human Resources,Web Developer I
386,Hattie Cramphorn,2021-10-11,Engineering,Account Executive
387,Dex MacMakin,2021-03-15,Human Resources,Assistant Manager
388,Bo Robion,2021-05-05,Business Development,Geologist II
389,Emmalynne Smither,2021-11-07,Legal,Budget/Accounting Analyst III
390,Harp Mayze,2021-04-20,Sales,Geologist II
391,Rania Brend,2021-11-29,Training,Human Resources Assistant IV
392,Cris Trytsman,2021-04-08,Services,Physical Therapy Assistant
393,Bogey Hanwell,2022-01-05,Human Resources,null
394,Latrena Brownbill,2021-07-03,Marketing,Web Designer I
395,Saidee Haddock,2021-07-15,Engineering,Help Desk Technician
396,Melisandra Scopyn,2021-09-28,Marketing,Financial Analyst
397,Lefty Checcucci,2021-09-29,Sales,Budget/Accounting Analyst IV
398,Kaitlin Gamlen,2021-04-21,Legal,Financial Advisor
399,Brose De Michele,2021-10-15,Services,Media Manager III
400,Babita Rusted,2021-04-14,Accounting,Budget/Accounting Analyst III
401,Kori Twinbourne,2021-07-26,Training,Operator
402,Hasty Slipper,2021-04-03,Engineering,Nurse
403,Fergus Weaben,2021-08-06,Legal,Senior Financial Analyst
404,Chet Ribeiro,2021-12-30,Human Resources,Media Manager III
405,Reyna Yatman,2021-03-16,Training,Systems Administrator IV
406,Isador Martensen,2021-11-25,Human Resources,Software Engineer I
407,Doris Summersett,2021-10-11,Training,Database Administrator III
408,Bonnibelle Dionsetto,2021-06-13,Training,Graphic Designer
409,Annabela Draude,2021-06-27,Services,Budget/Accounting Analyst III
410,Vally Kinnard,2021-03-21,Research and Development,Software Test Engineer I
411,Dominic Wornum,2021-02-21,Business Development,Pharmacist
412,Anna Antalffy,2021-10-10,Marketing,Software Engineer IV
413,Berna Jeffrey,2021-08-02,Training,Food Chemist
414,Anderea Penhallurick,2021-09-24,Human Resources,Statistician II
415,Kari Dimmer,2021-09-02,Marketing,Accountant IV
416,Jacquette Plumridge,2021-02-05,Marketing,Account Executive
417,Jeannette Aizikov,2021-12-25,Human Resources,Tax Accountant
418,Gilberta Rippingale,2022-02-12,Research and Development,Senior Editor
419,Hayward Kropp,2021-11-27,Research and Development,Web Designer II
420,Devon Nutty,2021-10-19,Business Development,Research Nurse
421,Merna Chaimson,2021-02-13,Human Resources,VP Accounting
422,Monika Lamperd,2021-11-20,Human Resources,Recruiting Manager
423,Rozelle Cullingworth,2021-08-08,Business Development,Junior Executive
424,Jeana Costanza,2021-07-31,Sales,Health Coach III
425,Brenn Novis,2021-03-05,Support,Executive Secretary
426,Trumaine Danjoie,2021-03-12,Research and Development,Recruiting Manager
427,Tara Mertel,2021-06-23,Engineering,Health Coach IV
428,Kristofor Elfitt,2021-05-12,Training,Pharmacist
429,Ashbey Olczyk,2021-03-29,Engineering,Programmer III
430,Zed Daymont,2021-08-31,null,Analyst Programmer
431,Vyky Parren,2021-09-16,Training,Quality Control Specialist
432,Jerrine Clapperton,2022-01-20,Training,Senior Cost Accountant
433,Aarika Britton,2021-11-04,Human Resources,Analyst Programmer
434,Bernadina Catlette,2021-09-11,Research and Development,Compensation Analyst
435,Eleanora Dootson,2021-10-10,Legal,Teacher
436,Chanda Cresser,2021-10-20,Marketing,Safety Technician II
437,Alwin Erdis,2021-08-28,Training,Sales Representative
438,Nanine Bertome,2021-09-21,Support,Teacher
439,Florie Allchin,2021-11-27,Support,Automation Specialist IV
440,Oren Geaveny,2021-04-30,Business Development,Programmer III
441,Irwin Beaulieu,2021-09-08,Engineering,Clinical Specialist
442,Hale Oleszcuk,2021-02-07,Support,Director of Sales
443,Cherey Iacopini,2022-01-18,Support,Senior Editor
444,Jacenta Cullnean,2021-09-21,Engineering,Engineer IV
445,Gilles Houdhury,2021-09-09,Research and Development,Internal Auditor
446,Risa Simek,2021-11-18,Sales,VP Accounting
447,Midge Delacour,2021-10-28,Services,Software Engineer I
448,Greg Dorie,2021-04-01,null,Graphic Designer
449,Emory Nobes,2021-03-16,Sales,Cost Accountant
450,Loise Bartens,2021-08-30,Training,Staff Scientist
451,Avrit Barrett,2021-02-24,Sales,Systems Administrator IV
452,Truman Davidman,2021-02-09,Support,Recruiter
453,Liz McCaghan,2022-02-10,Services,Engineer IV
454,Gilda Rudolfer,2021-12-20,Business Development,Geologist II
455,Rodge Seston,2022-01-30,Engineering,Recruiter
456,Rivi Van der Merwe,2021-03-31,Services,Nuclear Power Engineer
457,Marcelline Masding,2021-11-20,Business Development,Automation Specialist I
458,Norean Foker,2021-12-04,null,Electrical Engineer
459,Maisey Markie,2021-03-18,Support,Geologist IV
460,Melva Goodge,2021-02-24,Marketing,Food Chemist
461,Alfi Keepe,2021-10-31,Engineering,Health Coach IV
462,Correna Samter,2021-03-02,null,Assistant Manager
463,Shell Castleman,2022-01-04,Research and Development,Marketing Manager
464,Fanchette Sowrah,2021-08-26,Legal,Statistician II
465,Hamnet Wooldridge,2022-01-24,Support,Dental Hygienist
466,Chandler Amesbury,2021-10-09,Services,Accountant I
467,Sully Kubicki,2021-05-11,Business Development,Teacher
468,Leela Mowatt,2021-05-25,Support,Web Designer I
469,Shelby Reaveley,2022-01-14,Support,Nurse
470,Lianne Huxton,2021-02-08,Services,Software Engineer III
471,Ethelda Owbrick,2021-02-07,Support,Recruiter
472,Payton Palmer,2021-11-05,Training,Geological Engineer
473,Berk Stennes,2021-04-22,Services,Software Engineer I
474,Calhoun Pester,2021-03-06,Services,Legal Assistant
475,Lebbie Ruberry,2021-10-25,Support,Software Engineer III
476,Friedrich Loton,2021-04-18,Marketing,Analyst Programmer
477,Loella Cudiff,2021-02-08,Research and Development,Senior Editor
478,Tersina Shackelton,2021-11-03,Support,Health Coach IV
479,Doria Buard,2021-06-15,Engineering,Community Outreach Specialist
480,Brena Issatt,2021-05-29,Support,Pharmacist
481,Eileen Spikeings,2021-08-05,Services,Community Outreach Specialist
482,Emmalynn Robilliard,2021-12-08,Support,Health Coach III
483,Paco Truter,2021-06-12,Engineering,Programmer IV
484,Arlene Piletic,2021-12-19,Sales,Computer Systems Analyst IV
485,Hill Oakeby,2022-02-14,null,Web Designer II
486,Joanie Janjusevic,2021-05-02,Human Resources,Engineer IV
487,Fanechka Cescon,2021-02-13,Human Resources,Occupational Therapist
488,Samantha Mundie,2021-09-11,Research and Development,Analog Circuit Design manager
489,Arabelle Churching,2021-06-19,Marketing,Computer Systems Analyst II
490,Mathew Wyre,2021-05-02,Sales,Accounting Assistant II
491,Liane Gladtbach,2021-08-17,Legal,Occupational Therapist
492,Lesya Zebedee,2021-05-15,Sales,Research Assistant IV
493,Dalis Coughan,2021-03-20,Research and Development,Statistician II
494,Fredericka Blezard,2021-08-25,Services,Biostatistician III
495,Seth Kubacek,2021-03-31,Engineering,VP Accounting
496,Carissa Bartel,2021-03-01,Business Development,Senior Cost Accountant
497,Teddi Eadmeades,2021-10-11,Human Resources,Web Developer II
498,Teriann Bukowski,2022-01-10,Training,Design Engineer
499,Holly Akehurst,2021-09-29,Support,Staff Accountant III
500,Audrye Fazakerley,2021-04-08,Sales,Cost Accountant
501,Adaline Sherrett,2021-09-16,Training,Food Chemist
502,Myrtle Kenan,2021-04-20,Support,Accounting Assistant IV
503,Anjanette Snepp,2021-10-28,Human Resources,Senior Cost Accountant
504,Avrit Henniger,2021-07-10,Human Resources,Staff Accountant IV
505,Andi Norwich,2021-04-20,Support,Web Designer I
506,Joye Pinson,2021-10-02,Business Development,Human Resources Assistant IV
507,Nonie Threadgould,2021-11-18,Engineering,Systems Administrator II
508,Tommy Dehn,2021-04-26,Services,Internal Auditor
509,Tiphanie Neads,2022-01-19,Training,Staff Accountant IV
510,Zelda Sheavills,2021-03-07,Research and Development,General Manager
511,Cecilia Keynd,2021-07-31,null,Technical Writer
512,Malia Dungay,2021-08-26,Support,Programmer IV
513,Garald McPhillips,2022-02-18,Support,Systems Administrator IV
514,Francis Jantel,2021-10-19,Training,Research Assistant IV
515,Stephenie Yeowell,2021-12-04,Research and Development,Senior Financial Analyst
516,Kerry Neno,2021-10-08,Training,Staff Accountant III
517,Falito Bellay,2021-06-10,Support,Nurse Practicioner
518,Cassandra McRobert,2021-02-20,Marketing,Human Resources Assistant III
519,Perkin Brookbank,2021-04-29,Human Resources,Research Assistant II
520,Kial Dulwitch,2021-12-22,Services,Assistant Professor
521,Paulita Cumberbatch,2021-11-26,Support,Account Executive
522,Gina Cutill,2021-10-28,Engineering,VP Product Management
523,Darelle Wogden,2021-05-08,Business Development,Database Administrator II
524,Jacenta Pieterick,2021-08-07,Support,Dental Hygienist
525,Maiga Jarmain,2021-03-03,Marketing,Associate Professor
526,Vivie Darwood,2021-12-01,Accounting,Programmer Analyst IV
527,Maxy Agnolo,2021-02-23,Research and Development,Geologist II
528,Doyle Lawden,2021-03-20,Engineering,Nurse
529,Deena Semarke,2021-10-06,Engineering,Software Engineer III
530,Jacques Branno,2022-01-17,Support,Assistant Professor
531,Daune Leaning,2022-02-10,Training,Accountant I
532,Alfreda Stittle,2021-07-20,Research and Development,Database Administrator II
533,Tiertza Vanyashin,2022-02-04,Research and Development,null
534,Rex Gligoraci,2021-10-06,Services,Analog Circuit Design manager
535,Jorry Koppel,2021-07-07,Support,Automation Specialist I
536,Mellicent Grisard,2021-08-16,Research and Development,Teacher
537,Marya Norcutt,2022-01-16,Sales,Programmer I
538,Rafferty Ferrettini,2021-09-27,Legal,Biostatistician II
539,Grace Caulwell,2021-04-25,Sales,Research Assistant II
540,Chrysler Cogswell,2021-03-25,Support,Assistant Manager
541,Jennie Greenway,2022-01-18,Training,Health Coach III
542,Dewie Avann,2022-02-08,Research and Development,Chief Design Engineer
543,Melodie Frazier,2021-07-11,Legal,Software Test Engineer IV
544,Curr Lafrentz,2021-04-25,Services,Web Designer II
545,Allan Rickert,2022-01-24,Services,Programmer III
546,Zack Scroxton,2021-10-03,Services,Quality Engineer
547,Kirsteni Keatley,2021-09-03,Sales,Assistant Professor
548,Pegeen Piccard,2021-06-18,Support,Database Administrator III
549,Antonina Semble,2021-08-24,Training,Analyst Programmer
550,Ellene Cunnow,2021-04-24,Services,Programmer IV
551,Lind Flips,2021-04-05,Business Development,Account Representative III
552,Quintus McCallister,2021-04-25,Research and Development,Chief Design Engineer
553,Bobette Buyers,2022-02-02,Services,Geologist II
554,Eziechiele Donson,2021-03-04,Sales,Nurse Practicioner
555,Annabella Telezhkin,2022-01-07,Sales,Analog Circuit Design manager
556,Giff Kelson,2021-08-29,Training,Technical Writer
557,Kamila Collumbine,2021-05-04,Human Resources,Health Coach I
558,Avivah Dymond,2021-07-21,Support,Analyst Programmer
559,Woodman Dake,2022-01-05,Accounting,Executive Secretary
560,Zena Buck,2021-11-06,Engineering,Account Representative IV
561,Saxon Eastop,2021-10-28,Legal,Dental Hygienist
562,Letisha Le Floch,2021-08-31,Services,Community Outreach Specialist
563,Sharona Tweedy,2021-08-25,Services,Engineer III
564,Pietro Ogdahl,2021-05-01,Business Development,Structural Engineer
565,Karen Withnall,2021-07-27,Legal,Web Developer I
566,Ingrim Orrum,2021-12-08,Engineering,Research Nurse
567,Annabelle Southon,2021-11-29,Legal,Associate Professor
568,Jody Ireland,2021-04-14,Services,Geologist II
569,Newton MacColl,2021-08-12,Engineering,Programmer I
570,Cati Orbell,2021-02-05,Legal,Computer Systems Analyst IV
571,null,2021-11-28,Services,Biostatistician III
572,Bethena Nissle,2021-04-23,Support,Recruiter
573,Hynda Wheatcroft,2021-08-29,Support,Clinical Specialist
574,Laura Ginley,2021-10-04,Engineering,Occupational Therapist
575,Edgard Sawden,2021-05-29,Engineering,Statistician III
576,Noak Windmill,2021-11-18,Business Development,Media Manager III
577,Kenneth Ravenscroftt,2022-01-05,Business Development,Staff Accountant IV
578,Garfield Giovanitti,2022-01-14,Business Development,Programmer IV
579,Deane Stivani,2021-03-31,Business Development,Web Developer I
580,Eugenio Crumly,2021-04-05,Services,Librarian
581,Gris Heino,2022-01-07,Engineering,Geologist IV
582,Adams Whitington,2021-08-10,Support,Web Designer IV
583,Chrotoem Johanning,2021-11-04,Engineering,Nuclear Power Engineer
584,Renado Terne,2021-04-23,Support,Marketing Manager
585,Sonja Vero,2021-07-01,Support,Web Developer I
586,Roanne Brant,2021-07-25,Human Resources,Media Manager III
587,Deina Magovern,2021-06-30,Sales,Human Resources Manager
588,Gabriell Paffitt,2021-10-18,Services,Payment Adjustment Coordinator
589,Emmeline Hantusch,2021-12-12,Legal,Software Engineer I
590,Niven Morter,2021-05-17,Accounting,Graphic Designer
591,Antonia Ferdinand,2021-12-27,Sales,Pharmacist
592,Anni Mewton,2021-04-20,Marketing,Accounting Assistant IV
593,Ruthi Liversedge,2021-09-11,Human Resources,Senior Financial Analyst
594,Vinny Liggins,2021-03-18,Business Development,Administrative Assistant I
595,Charita Wyldish,2021-10-12,Business Development,Systems Administrator IV
596,Noble Spere,2021-06-04,Human Resources,Cost Accountant
597,Rahal Callf,2021-03-17,Human Resources,Software Test Engineer IV
598,Hope Yakovliv,2021-03-10,Research and Development,Registered Nurse
599,Chrystal Kopje,2021-12-12,Support,Actuary
600,Niels Jendrys,2021-05-03,Training,Teacher
601,Vincents Lees,2021-09-08,Research and Development,Structural Engineer
602,Gamaliel Simonnin,2021-08-29,Business Development,Programmer III
603,Zulema McGiffie,2021-07-29,Sales,Assistant Manager
604,Trace Bowe,2021-11-19,Services,Quality Control Specialist
605,Matteo De Clairmont,2021-07-12,Human Resources,Research Assistant I
606,Mitzi Zoane,2021-08-21,Engineering,Sales Associate
607,Inglis Toogood,2021-08-25,Sales,Budget/Accounting Analyst IV
608,Rita Rakes,2021-06-19,Marketing,Accounting Assistant IV
609,Doyle Galpen,2021-10-09,Engineering,Web Designer I
610,Andreas Adkin,2021-12-01,Engineering,Budget/Accounting Analyst I
611,Hill Anders,2021-08-25,null,Engineer IV
612,Jazmin Orgel,2021-08-07,Services,Occupational Therapist
613,Sigrid Leversha,2022-02-15,Marketing,Accounting Assistant IV
614,Shawn O'Kinneally,2021-12-13,Business Development,Quality Engineer
615,Jillana Neeson,2021-06-12,Research and Development,Programmer I
616,Emlen Whitton,2021-09-02,Services,Programmer III
617,Valenka Annwyl,2021-12-26,Human Resources,Clinical Specialist
618,Hasheem De la Yglesia,2021-10-13,Support,Biostatistician III
619,Karlene Hendonson,2021-07-04,Training,Programmer I
620,Cilka Cariss,2021-08-15,Business Development,General Manager
621,Sheri Vice,2021-05-08,Engineering,Quality Engineer
622,Dodie Codlin,2021-03-14,Human Resources,Engineer III
623,null,2022-01-04,Services,Account Executive
624,Stearne Boord,2021-11-10,Human Resources,Associate Professor
625,Toddy Bragger,2021-04-28,Support,Engineer IV
626,Maribeth Stirtle,2021-04-06,Services,Web Developer II
627,Deanne Pilcher,2021-11-19,Human Resources,Research Assistant IV
628,Adan Simonds,2021-12-19,Research and Development,Web Developer III
629,Goldia Gottelier,2021-11-07,Human Resources,Software Engineer I
630,Adler Allon,2021-07-18,Engineering,Environmental Tech
631,Yettie Tellenbrok,2021-11-12,Marketing,GIS Technical Architect
632,Loree Dytham,2022-02-16,Services,Account Coordinator
633,Charline Axtell,2021-09-19,Marketing,Biostatistician III
634,Duff Bauld,2021-12-10,Engineering,Recruiter
635,Winne Kemet,2021-06-03,Research and Development,Research Assistant II
636,Adair Spellessy,2021-12-18,Legal,Tax Accountant
637,Serena Iacovolo,2021-06-08,Human Resources,Account Representative IV
638,Revkah Franke,2021-04-11,Sales,Engineer IV
639,Candis Brayshay,2021-02-04,Legal,Statistician II
640,Auguste Savage,2021-04-09,Human Resources,Product Engineer
641,Muffin Oldall,2021-08-26,Human Resources,Editor
642,Ronda Prichard,2022-02-18,Business Development,Civil Engineer
643,Andi Haylett,2021-10-30,Human Resources,Occupational Therapist
644,Bjorn Cremen,2021-07-26,Engineering,Associate Professor
645,Hedvige Vogelein,2021-02-05,Marketing,Executive Secretary
646,Shelagh Scoffins,2021-09-27,Human Resources,Human Resources Assistant III
647,Flori Priscott,2022-01-27,Support,Director of Sales
648,August Scotsbrook,2021-05-08,Human Resources,Accounting Assistant IV
649,Karina Brunt,2021-05-12,Support,Structural Analysis Engineer
650,Callida Helmke,2021-09-08,Marketing,Physical Therapy Assistant
651,Shirlee Morcomb,2021-09-27,Human Resources,Systems Administrator IV
652,Corabel Fowlestone,2021-11-17,Sales,Programmer IV
653,Catlee Baroc,2021-10-08,Engineering,Statistician II
654,Gloria Semechik,2021-06-19,Marketing,Computer Systems Analyst III
655,Juliette Josuweit,2021-11-29,Services,Programmer IV
656,Fayina Trevarthen,2021-07-15,Human Resources,Human Resources Assistant IV
657,Gawen Saggs,2021-10-06,Sales,Director of Sales
658,Valeria Bidwell,2021-07-30,Business Development,Senior Cost Accountant
659,Tailor Phizakarley,2021-12-29,Engineering,Staff Accountant IV
660,Beaufort Fifoot,2021-09-01,Business Development,Statistician III
661,Winnie Nalder,2021-02-16,Engineering,Executive Secretary
662,Ingunna Sikorski,2022-02-04,Research and Development,Community Outreach Specialist
663,Catha Gowrie,null,Business Development,Research Assistant II
664,Meara Leipelt,2021-08-10,Marketing,Computer Systems Analyst IV
665,Noah Blazejewski,2021-08-31,Training,Staff Accountant IV
666,Rad Malt,2021-04-06,Human Resources,Human Resources Manager
667,Jinny Navarre,2021-10-08,Support,Senior Financial Analyst
668,Larry Markus,2021-09-16,Support,Project Manager
669,Shannan Wollen,2021-02-23,Training,Database Administrator II
670,Cordelia Hembling,2021-12-27,Engineering,Software Engineer III
671,Ernaline Stroulger,2021-12-09,Support,Product Engineer
672,Windham Biesterfeld,2021-05-09,Engineering,Geologist II
673,Cosette Briffett,2022-01-15,Human Resources,Accountant IV
674,Marita Wakeman,2021-06-20,Research and Development,Research Associate
675,Roxanna Verny,2021-10-13,Services,Programmer IV
676,My Challice,2021-12-30,Business Development,Research Nurse
677,Karel Lyne,2021-04-21,Research and Development,Structural Engineer
678,Rhonda Rembaud,2021-12-16,Research and Development,Media Manager III
679,Aguste Baseley,2021-05-24,Business Development,Health Coach IV
680,Werner Baldrick,2021-04-24,Human Resources,Programmer IV
681,Janek Fleay,2021-08-07,Marketing,Senior Cost Accountant
682,Noemi Brignall,2022-01-28,Sales,Teacher
683,Fidel Massimo,2021-08-28,Marketing,Teacher
684,D'arcy Lunam,2021-07-01,Human Resources,Technical Writer
685,Bruno Pales,2022-01-16,null,Account Coordinator
686,Bessy Feavers,2021-06-05,Training,Pharmacist
687,Evaleen Dotterill,2021-12-08,Services,Analyst Programmer
688,Hamel Bearman,2022-01-20,Support,Teacher
689,Jacquelin O'Farrell,2021-04-05,Support,General Manager
690,Sarene Ilyinykh,2021-10-29,Research and Development,Statistician I
691,Benedetto Heazel,2021-12-12,Marketing,Database Administrator III
692,Algernon McCraw,2021-04-20,Support,Software Test Engineer IV
693,Rebeca Rubinsohn,2022-02-05,Research and Development,Developer IV
694,Fergus Fiddler,2021-05-21,Marketing,Tax Accountant
695,Gillan Sheber,2021-04-19,Accounting,Web Developer I
696,Evered Schindler,2021-05-09,Marketing,Budget/Accounting Analyst IV
697,Sumner Paulisch,2021-03-17,Business Development,Administrative Assistant III
698,Daloris D'Ambrosio,2021-05-12,Human Resources,Analyst Programmer
699,Nettle Armstrong,2021-06-17,Support,Recruiter
700,Amos Oneal,2021-08-16,Services,Systems Administrator IV
701,Clarie Dionsetti,2021-08-31,Accounting,Desktop Support Technician
702,Ettore Duigan,2021-05-21,Training,Database Administrator II
703,Ahmed Cristofolini,2022-01-01,Human Resources,Biostatistician III
704,Linell Bocken,2022-02-03,Business Development,Legal Assistant
705,Bonita Bethune,2021-10-09,Services,Data Coordiator
706,Valentina MacTavish,2021-11-06,Support,Senior Editor
707,Berty Ollivierre,2021-07-17,Research and Development,Geologist IV
708,Charles Bleesing,2021-08-04,Services,Executive Secretary
709,Nev Doghartie,2021-02-22,Human Resources,Systems Administrator II
710,Augusto Etherson,2021-07-28,Research and Development,Senior Cost Accountant
711,Andra Walthall,2021-07-14,Business Development,Systems Administrator IV
712,Cathrin Bourke,2021-05-20,Research and Development,Budget/Accounting Analyst IV
713,Isa Blees,2021-07-23,Research and Development,Junior Executive
714,Mala Divina,2021-05-04,Human Resources,Safety Technician III
715,Isobel Brettle,2021-12-21,Engineering,Web Designer III
716,Evered Cowland,2021-07-04,Engineering,Programmer IV
717,Marcelo Lakeland,2021-04-03,Marketing,Biostatistician II
718,Berty Matei,2021-10-25,Accounting,Statistician II
719,Delmer McCory,2021-09-15,Engineering,Quality Engineer
720,Shaine Pavlenko,2021-03-10,Marketing,Teacher
721,Marge Pagelsen,2021-07-17,Research and Development,Chemical Engineer
722,Cherilynn Limpenny,2021-10-21,Human Resources,Executive Secretary
723,Alexandrina Sambiedge,2022-01-27,Services,Marketing Manager
724,Bliss Braim,2021-07-19,Business Development,Actuary
725,Tomas Chesson,2021-08-14,Marketing,Web Developer III
726,Leigh Rittelmeyer,2021-07-24,Marketing,Pharmacist
727,Raynor Comber,2021-10-12,Human Resources,Web Developer II
728,Kelwin Voysey,2021-07-29,Accounting,Programmer III
729,Milty Spence,2021-06-09,Services,Clinical Specialist
730,Rodolphe Assiter,2021-06-18,Support,Sales Representative
731,Maynord Swainsbury,2022-01-19,Research and Development,Geological Engineer
732,Cyrille Veazey,2022-02-11,Marketing,Civil Engineer
733,Parsifal Bernardon,2021-02-19,Engineering,Product Engineer
734,Rock Reach,2021-12-30,Training,Media Manager III
735,Chrissie Adcock,2021-06-30,Sales,Software Test Engineer IV
736,Chalmers Aplin,2021-05-29,Services,Budget/Accounting Analyst IV
737,Kissiah Edmeades,2021-05-19,Support,Systems Administrator IV
738,Ettore Mulcock,2021-11-30,Marketing,Environmental Tech
739,Rafael Seddon,2021-02-02,Marketing,Safety Technician II
740,Jonie Schapero,2021-09-21,Support,Web Designer II
741,Malachi Loxton,2022-01-13,Human Resources,Computer Systems Analyst III
742,Wadsworth Streatfeild,2021-09-09,Marketing,VP Accounting
743,Georg Prince,2021-10-31,Marketing,Biostatistician III
744,Jilli Feechum,2022-02-10,Engineering,Structural Analysis Engineer
745,Mickie Haverson,2021-05-06,Services,Programmer IV
746,Lorette Barkhouse,2021-08-02,Legal,Budget/Accounting Analyst III
747,Lettie Braden,2021-03-15,Marketing,Accountant I
748,Indira Pitkeathley,2021-10-28,Research and Development,Technical Writer
749,Roseanne Emps,2022-02-14,Services,Software Test Engineer IV
750,Alidia Fulmen,2021-12-23,Research and Development,Biostatistician III
751,Zarah Swigger,2022-01-30,Human Resources,Legal Assistant
752,Dennet Skaif,2021-10-08,Research and Development,Graphic Designer
753,Victoria Kordt,2021-02-07,Accounting,Food Chemist
754,Aldis Branford,2021-09-07,Business Development,Teacher
755,Cass Wilton,2021-05-25,Research and Development,Systems Administrator II
756,Rickie Sacher,2021-09-10,Marketing,Programmer IV
757,Patrizio Billingsly,2021-07-08,Engineering,Budget/Accounting Analyst II
758,Dyanne Rainy,2021-06-11,Support,null
759,Stern Di Biaggi,2021-05-14,Services,Structural Analysis Engineer
760,Giuditta Mower,2021-07-20,Services,Accountant III
761,Adi Tilburn,2021-05-23,Legal,Occupational Therapist
762,Frank Creane,2021-09-26,Services,Quality Control Specialist
763,Rozella Domleo,2021-07-27,Support,Technical Writer
764,Nancee Jakubczyk,2021-07-29,Support,Graphic Designer
765,Rosemary Brabyn,2021-02-23,Research and Development,Structural Engineer
766,null,2021-05-31,Sales,Senior Financial Analyst
767,Heinrik Fucher,2022-01-01,Marketing,Recruiter
768,Moises Matysik,2021-07-02,Support,Registered Nurse
769,Alena Colliver,2021-02-08,Business Development,Senior Sales Associate
770,Ally Binley,2021-09-11,Support,Occupational Therapist
771,Theo Simcock,2021-06-14,Services,Senior Editor
772,Loralyn Carnie,2021-02-20,Marketing,Staff Accountant III
773,null,2021-11-16,Engineering,Senior Quality Engineer
774,Agata Magrane,2022-01-16,Human Resources,Developer I
775,Clarice Maun,2021-07-10,Services,Geologist I
776,Cele Marciek,2022-01-22,Research and Development,Cost Accountant
777,Milo Geraldez,2021-05-15,Services,Human Resources Assistant II
778,Ross Fuggle,2021-11-29,Marketing,Cost Accountant
779,Darwin Rycroft,2021-03-07,Marketing,Mechanical Systems Engineer
780,Annabelle Edmonston,2022-02-01,Sales,Programmer III
781,Junina Vasishchev,2022-02-17,Support,Engineer III
782,Risa Kiddye,2022-01-01,Legal,Statistician II
783,Herve Shakespeare,2021-05-13,Services,Data Coordiator
784,Selby Raspison,2021-12-23,Research and Development,VP Accounting
785,Torey Spadelli,2021-05-31,Engineering,Food Chemist
786,Virgie Yong,2021-11-16,Engineering,Software Test Engineer IV
787,Flossi Hernik,2021-02-03,Marketing,Senior Editor
788,Christie Hadlow,2021-06-24,Marketing,Food Chemist
789,Jennine Fakeley,null,Sales,Software Engineer III
790,Emmie Baly,2022-02-18,Engineering,Junior Executive
791,Theda Mossman,2021-08-25,Human Resources,Geologist II
792,Hetty Cawthery,2022-01-21,Training,null
793,Shanna Luisetti,2021-05-31,Business Development,Structural Analysis Engineer
794,Loise Watkiss,2021-05-10,Human Resources,Executive Secretary
795,Bonny Storms,2021-06-20,Human Resources,Geological Engineer
796,Roxane McCahill,2021-03-31,Training,Dental Hygienist
797,Ruddie De Morena,2021-10-01,Business Development,Health Coach IV
798,Bridie Burless,2021-07-24,Services,Engineer III
799,Kristien Leeds,2021-03-10,Engineering,Teacher
800,Karylin Glusby,2021-08-12,Marketing,Civil Engineer
801,Ursala Cloy,2021-08-09,Training,Budget/Accounting Analyst IV
802,Kelley Prop,2021-05-17,Engineering,Technical Writer
803,Vivyanne Bohlens,2021-10-05,Legal,Software Test Engineer IV
804,Gracia Sibylla,2021-09-18,Marketing,Safety Technician IV
805,Rudie Omand,2022-01-12,Human Resources,Sales Representative
806,Barth Plott,2021-05-10,Engineering,Food Chemist
807,Emmet Gridon,2021-07-02,Accounting,VP Accounting
808,Electra Frary,2021-11-08,Engineering,Health Coach IV
809,Krishnah Gilham,2022-02-13,Human Resources,Senior Financial Analyst
810,Lia Marshal,2022-02-01,Engineering,VP Accounting
811,Georgeanna Egan,2021-09-21,Research and Development,Recruiter
812,Izzy Hammerson,2021-12-05,Research and Development,Executive Secretary
813,Betty Juara,2021-03-04,Engineering,Geological Engineer
814,Theodore Pigeon,2022-01-19,Engineering,Senior Quality Engineer
815,Lucian Carmo,2022-01-29,Engineering,Senior Editor
816,Caralie Landrick,2021-08-25,Engineering,Project Manager
817,Virge Algar,2022-01-21,Human Resources,Programmer IV
818,Yancy Tapply,2021-03-08,Support,Programmer Analyst II
819,Winnah Benthall,2022-01-11,Legal,Civil Engineer
820,Myrna Buse,2021-04-20,Sales,Librarian
821,Lindsay Yven,2021-08-10,Training,Information Systems Manager
822,Ericha Doohan,2021-07-12,Business Development,Software Test Engineer IV
823,Barr Benam,2021-11-23,Services,Geologist IV
824,Kaitlynn Rannald,2021-04-18,null,Senior Editor
825,Daisi Glasscock,2021-06-18,Research and Development,Chief Design Engineer
826,Holly Pietroni,2021-05-05,Support,Account Representative IV
827,Opalina Dowdell,2021-12-24,Engineering,Software Engineer I
828,Rickey Pickering,2021-06-01,Human Resources,Pharmacist
829,Cory Lawlan,2021-11-15,Research and Development,Food Chemist
830,Charla Pottes,2021-11-23,Business Development,Research Assistant II
831,null,2021-10-22,Human Resources,Financial Advisor
832,Letta Paull,2021-10-29,null,Assistant Media Planner
833,Essa Cottingham,2022-02-12,Support,Internal Auditor
834,Kurtis Dallin,2021-08-26,Engineering,Food Chemist
835,Coleman Friary,2021-09-15,Support,Senior Cost Accountant
836,Jorgan Hillaby,2022-02-17,Support,Account Coordinator
837,Wilton Muldrew,2021-08-05,Research and Development,Information Systems Manager
838,Sheeree Romei,2022-01-23,Human Resources,Project Manager
839,Camille Brumble,2022-02-02,Training,Junior Executive
840,Haily Dicken,2021-06-02,Human Resources,Quality Control Specialist
841,Burlie Cuttin,2021-12-16,Business Development,Senior Financial Analyst
842,Lelah Syder,2021-09-14,Services,Associate Professor
843,Julio Pallaske,2021-12-26,Business Development,Junior Executive
844,Agnesse Fazan,2021-04-15,Services,Food Chemist
845,Knox Kinig,2021-07-07,Business Development,Junior Executive
846,Rouvin Gatch,2021-05-07,Marketing,Systems Administrator IV
847,Myrtia Bertrand,2021-12-01,Marketing,Geologist II
848,Randolph Revance,2021-10-09,Legal,Engineer III
849,Melina Pires,2021-05-13,Marketing,Assistant Professor
850,Chryste Farndell,2021-05-28,null,Programmer IV
851,Karna Miles,2021-07-02,Business Development,Human Resources Assistant IV
852,Titus Shotter,2021-04-19,null,Legal Assistant
853,Meryl Bellerby,2021-05-25,Support,Technical Writer
854,Normie Haugen,2021-12-24,Accounting,Senior Developer
855,Hanna Ilyas,2021-11-14,Support,Junior Executive
856,Quinta Biddell,2021-05-06,Business Development,Staff Accountant I
857,Joyann Trump,2022-02-02,Human Resources,Senior Financial Analyst
858,Cirilo Kemer,2021-06-28,Marketing,Food Chemist
859,Saree Balnaves,2021-08-26,Training,Analyst Programmer
860,Marin Elington,2022-02-08,null,Programmer IV
861,Ferdinanda Montel,2021-09-08,Support,Biostatistician II
862,Yoko Minards,2021-06-05,Support,Statistician I
863,Rafferty Queste,2021-05-16,Marketing,Human Resources Manager
864,Alane James,2021-12-30,Business Development,Geologist IV
865,Sebastian Fereday,2021-04-24,Research and Development,Media Manager III
866,Nessie Attoc,2021-06-30,Support,VP Accounting
867,Betsey Sweed,2021-03-23,Human Resources,Junior Executive
868,Josefina Shaughnessy,2021-06-24,Business Development,Research Assistant IV
869,Cesaro Neggrini,2021-12-14,Research and Development,Programmer I
870,Baldwin Purvess,2021-12-26,Human Resources,Web Designer II
871,Toiboid Opdenorth,2021-10-09,Engineering,Web Designer I
872,Hedwig Cuningham,2021-02-25,Training,Food Chemist
873,Aldous Walworche,2021-11-11,Sales,Health Coach III
874,Lorettalorna Spyer,2021-12-21,Engineering,Accounting Assistant IV
875,Florencia Ealden,2021-04-28,Engineering,Web Developer I
876,Ignacio Cutmare,2021-04-02,Research and Development,Teacher
877,Tadio Low,2021-06-05,Services,Software Engineer I
878,Billie Clyburn,2022-02-08,Training,Research Assistant IV
879,Waylin Horsfield,2021-07-19,Support,Recruiter
880,Lotti Flewett,2021-08-26,Services,Research Assistant IV
881,Frederich Roswarn,2022-02-05,Support,Structural Engineer
882,Carleen Catterill,2021-05-04,Services,Biostatistician II
883,Batholomew Shorbrook,2021-07-27,Engineering,Junior Executive
884,Joey Kobera,2021-11-30,Marketing,Biostatistician II
885,Lorne Halfhead,2022-01-02,Training,Recruiter
886,Judy Beynke,2021-08-19,Business Development,Executive Secretary
887,Trudey Jellard,2021-03-26,Business Development,Geologist IV
888,Willetta Wickey,2021-07-26,Services,Developer I
889,Sibylla Abram,2021-10-10,Support,Account Representative IV
890,Carlina Rilston,2022-02-02,Human Resources,Professor
891,Brandy Prestney,2021-06-03,Research and Development,Quality Control Specialist
892,Thedrick Glew,2021-11-10,Human Resources,Pharmacist
893,Nertie Sigward,2021-08-20,Services,Programmer I
894,Catina Adamowitz,2021-12-05,Training,Database Administrator III
895,Adela Ivain,2021-05-08,Engineering,Budget/Accounting Analyst II
896,Mata Yanukhin,2021-03-08,Business Development,Junior Executive
897,Pasquale Wreiford,2021-11-21,Support,Clinical Specialist
898,Amye Pauel,2021-02-19,Business Development,Quality Control Specialist
899,Helen-elizabeth Culpin,2021-09-19,Support,Database Administrator III
900,Darb Holberry,2021-07-02,Human Resources,Director of Sales
901,Hyacinthie Sillick,2021-06-02,Support,Associate Professor
902,Diandra Malkinson,2021-06-07,Training,Programmer IV
903,Carolyn Stebbing,2022-01-30,Training,Structural Engineer
904,Roi Drakers,2021-03-20,Support,Accounting Assistant I
905,Lib Monahan,2021-11-04,Business Development,VP Accounting
906,Currie Brettle,2022-01-14,Support,Analyst Programmer
907,Maurizio Gorman,2021-03-22,Services,Statistician II
908,Roxy Heinrici,2021-12-06,Support,Engineer III
909,Zebedee MacFaell,2021-12-30,Support,Assistant Media Planner
910,Bar O'Keefe,2021-12-03,Legal,Budget/Accounting Analyst III
911,Darill Josse,2022-02-18,Engineering,Statistician II
912,Ottilie Vearncomb,2021-04-19,Business Development,Environmental Tech
913,Moll Danat,2021-08-16,null,Software Consultant
914,Freeman Felderer,2021-02-04,Human Resources,Budget/Accounting Analyst I
915,Hyatt Oulett,2022-01-11,Marketing,Web Designer I
916,Nanon Grishechkin,2021-10-06,Research and Development,Assistant Professor
917,Gaby Peschka,2021-11-27,Support,Web Developer II
918,Brooke Liddel,2021-03-18,Marketing,Desktop Support Technician
919,Bobbie Stickells,2022-01-09,Support,Business Systems Development Analyst
920,Herculie Wolfart,2022-02-03,Support,Account Coordinator
921,Dion Aveling,2021-09-14,Training,Nuclear Power Engineer
922,Vincents Phillipp,2021-05-24,Services,Dental Hygienist
923,Gill Cocks,2021-04-21,Support,Assistant Professor
924,Brunhilde Taggert,2021-11-05,Marketing,Quality Control Specialist
925,Cary Vedyasov,2021-12-13,Engineering,Pharmacist
926,Kath Greste,2021-11-20,Human Resources,Quality Engineer
927,Lamond Klimaszewski,2021-08-14,Support,Professor
928,Leroi Flynn,2021-07-19,Engineering,Assistant Manager
929,Antonin Sabbins,2021-06-02,Training,Internal Auditor
930,Jorrie Obin,2021-04-02,Business Development,Accountant IV
931,Wilhelmine Coulthard,2021-07-30,Services,Clinical Specialist
932,Celeste Stops,2021-02-07,Support,null
933,Albrecht Karolowski,2021-07-30,Engineering,Financial Analyst
934,Spence Sponer,2021-10-04,Support,Senior Editor
935,Noelle Garm,2022-02-10,Human Resources,Database Administrator III
936,Nelly Vasnetsov,2021-10-03,Legal,Software Test Engineer I
937,null,2021-03-26,Research and Development,Recruiter
938,Gillie Akess,2021-08-28,Support,Editor
939,Keeley Erie,2021-06-09,Training,Geologist IV
940,Klara Grumell,2022-02-20,Accounting,Developer III
941,Jennee McNirlan,2021-12-03,Services,Media Manager III
942,Joaquin Kamenar,2021-11-29,null,Senior Editor
943,Samson Folomin,2021-03-07,Marketing,Cost Accountant
944,Rhonda Jephcote,2021-05-04,Business Development,Sales Representative
945,Lavinie Josey,2021-05-11,Business Development,Technical Writer
946,Ellsworth Vedyasov,2021-05-23,Support,Systems Administrator IV
947,Paton Frary,2021-07-30,Services,Web Designer II
948,Alexandre Ibanez,2021-02-20,Engineering,Office Assistant II
949,Guinevere Spence,2021-03-04,Marketing,Staff Accountant II
950,Devy Willarton,2021-11-04,Human Resources,Senior Editor
951,Beaufort Bhar,2022-01-01,Services,Staff Accountant III
952,Krisha Bettlestone,2022-01-01,Marketing,Teacher
953,Garwood Boosey,2022-02-07,Human Resources,Assistant Manager
954,Vevay Donneely,2022-01-04,Research and Development,Structural Analysis Engineer
955,Shena Gore,2021-08-16,Marketing,null
956,Brena Myrick,2022-01-06,Business Development,Senior Quality Engineer
957,Jud Clash,2021-04-27,Engineering,Senior Cost Accountant
958,Esdras Milburne,2022-01-30,Engineering,Associate Professor
959,Marylinda Ellam,2022-01-04,Engineering,Research Assistant IV
960,Daphene Lovemore,2021-09-13,Marketing,Statistician II
961,Lionello Andriesse,2022-02-12,Support,null
962,Guinna Facey,2022-02-07,Business Development,Analog Circuit Design manager
963,Stevie Daniels,2021-11-27,Engineering,Senior Editor
964,Baldwin Hobgen,2021-11-05,Research and Development,Senior Editor
965,Lita Jahner,2021-04-10,Support,Recruiter
966,Gertrud Magson,2022-02-02,Sales,Systems Administrator II
967,Jessee Lopez,2021-10-17,Human Resources,Accounting Assistant IV
968,Gunar Sreenan,2021-06-13,Engineering,Statistician II
969,Dulcea Banner,2021-10-23,Research and Development,Accounting Assistant IV
970,null,2021-08-08,Business Development,General Manager
971,Katherina Garoghan,2021-12-17,Services,Research Assistant II
972,Bridgette Sapseed,2021-09-12,Support,Accounting Assistant I
973,Stanleigh Welbeck,2022-02-12,Training,Media Manager III
974,Hewet Civitillo,2021-06-17,Human Resources,Media Manager III
975,Gina MacAllen,2021-11-15,Research and Development,Operator
976,Gerrard Clewett,2021-03-10,Sales,Research Assistant II
977,Tremain Kenningley,2021-03-16,null,Automation Specialist I
978,Harwilll Mattiato,2021-08-23,Business Development,Developer II
979,Marney Oslar,2021-12-13,Human Resources,VP Accounting
980,Crystal Bangham,2022-01-27,Business Development,Staff Accountant IV
981,Hadlee Bonnar,2021-04-29,Services,Accounting Assistant I
982,Kermy Bunton,2021-06-23,Engineering,Senior Editor
983,Felicia Gunton,2021-08-09,Support,Senior Developer
984,Violette Hallewell,2021-08-03,Support,Human Resources Assistant II
985,Erena Search,2022-01-07,Marketing,Recruiting Manager
986,Starla Drugan,2021-04-24,Business Development,Systems Administrator IV
987,Shaina Shervington,2021-12-13,Research and Development,Recruiter
988,Danya Kid,2021-10-12,Human Resources,Accountant I
989,Sherrie Armor,2021-10-12,Business Development,Civil Engineer
990,Claudian Eardley,2022-01-24,Engineering,Nurse Practicioner
991,Alissa Stafford,2022-01-13,Research and Development,Programmer III
992,Tad Rowan,2021-11-15,Engineering,Senior Quality Engineer
993,Maggy Mendez,2021-04-11,Research and Development,Geologist II
994,Hedi Parramore,2022-01-07,Business Development,Web Developer I
995,Goran Carde,2021-08-22,Services,VP Product Management
996,Cirstoforo Pettipher,2021-04-01,Accounting,Media Manager III
997,Wilek O'Cridigan,2021-05-04,Human Resources,Environmental Tech
998,Jerry Ducker,2021-10-03,Human Resources,Data Coordiator
999,Jerri Osmar,2022-01-18,Support,Web Designer II
1000,Vivian O'Boyle,2021-11-08,Human Resources,Developer III
1001,Harold Abram,2021-11-07,Human Resources,Budget/Accounting Analyst III
